year_month,month,n_total_posts,n_droughtmain,n_droughtvariants,n_drought,n_shortage,n_out_of_stock,ratio_droughtmain_to_total,cumulative_mean_droughtmain_all,cumulative_sd_droughtmain_all,cumulative_mean_droughtmain_fixed,cumulative_sd_droughtmain_fixed,ratio_droughtvariants_to_total,cumulative_mean_droughtvariants_all,cumulative_sd_droughtvariants_all,cumulative_mean_droughtvariants_fixed,cumulative_sd_droughtvariants_fixed,ratio_drought_to_total,cumulative_mean_drought_all,cumulative_sd_drought_all,cumulative_mean_drought_fixed,cumulative_sd_drought_fixed,ratio_shortage_to_total,cumulative_mean_shortage_all,cumulative_sd_shortage_all,cumulative_mean_shortage_fixed,cumulative_sd_shortage_fixed,ratio_out_of_stock_to_total,cumulative_mean_out_of_stock_all,cumulative_sd_out_of_stock_all,cumulative_mean_out_of_stock_fixed,cumulative_sd_out_of_stock_fixed,ucl_droughtmain_all,lcl_droughtmain_all,ucl_droughtmain_fixed,lcl_droughtmain_fixed,outlier_droughtmain_all,outlier_droughtmain_fixed,ucl_droughtvariants_all,lcl_droughtvariants_all,ucl_droughtvariants_fixed,lcl_droughtvariants_fixed,outlier_droughtvariants_all,outlier_droughtvariants_fixed,ucl_drought_all,lcl_drought_all,ucl_drought_fixed,lcl_drought_fixed,outlier_drought_all,outlier_drought_fixed,ucl_shortage_all,lcl_shortage_all,ucl_shortage_fixed,lcl_shortage_fixed,outlier_shortage_all,outlier_shortage_fixed,ucl_out_of_stock_all,lcl_out_of_stock_all,ucl_out_of_stock_fixed,lcl_out_of_stock_fixed,outlier_out_of_stock_all,outlier_out_of_stock_fixed,dataset
2020-12,2020-12-01,416,1,4,1,0,0,0.002403846153846154,1,0,1,0,0.009615384615384616,4,0,4,0,0.002403846153846154,1,0,1,0,0,0,0,0,0,0,0,0,0,0,1,1,1,1,FALSE,FALSE,4,4,4,4,FALSE,FALSE,1,1,1,1,FALSE,FALSE,0,0,0,0,FALSE,FALSE,0,0,0,0,FALSE,FALSE,fentanyl_reddit
2021-01,2021-01-01,9224,4,68,2,1,1,4.336513443191674e-4,2.5,2.1213203435596424,2.5,2.1213203435596424,0.007372072853425846,36,45.254833995939045,36,45.254833995939045,2.168256721595837e-4,1.5,0.7071067811865476,1.5,0.7071067811865476,1.0841283607979184e-4,0.5,0.7071067811865476,0.5,0.7071067811865476,1.0841283607979184e-4,0.5,0.7071067811865476,0.5,0.7071067811865476,8.863961030678928,0,8.863961030678928,0,FALSE,FALSE,171.76450198781714,0,171.76450198781714,0,FALSE,FALSE,3.621320343559643,0,3.621320343559643,0,FALSE,FALSE,2.621320343559643,0,2.621320343559643,0,FALSE,FALSE,2.621320343559643,0,2.621320343559643,0,FALSE,FALSE,fentanyl_reddit
2021-02,2021-02-01,10436,2,97,2,0,0,1.9164430816404754e-4,2.3333333333333335,1.5275252316519468,2.3333333333333335,1.5275252316519468,0.009294748945956305,56.333333333333336,47.58501164582534,56.333333333333336,47.58501164582534,1.9164430816404754e-4,1.6666666666666667,0.5773502691896257,1.6666666666666667,0.5773502691896257,0,0.3333333333333333,0.5773502691896257,0.3333333333333333,0.5773502691896257,0,0.3333333333333333,0.5773502691896257,0.3333333333333333,0.5773502691896257,6.915909028289175,0,6.915909028289175,0,FALSE,FALSE,199.08836827080935,0,199.08836827080935,0,FALSE,FALSE,3.3987174742355437,0,3.3987174742355437,0,FALSE,FALSE,2.0653841409022107,0,2.0653841409022107,0,FALSE,FALSE,2.0653841409022107,0,2.0653841409022107,0,FALSE,FALSE,fentanyl_reddit
2021-03,2021-03-01,11920,7,93,6,0,0,5.87248322147651e-4,3.5,2.6457513110645907,3.5,2.6457513110645907,0.007802013422818792,65.5,42.96122282555126,65.5,42.96122282555126,5.033557046979866e-4,2.75,2.217355782608345,2.75,2.217355782608345,0,0.25,0.5,0.25,0.5,0,0.25,0.5,0.25,0.5,11.437253933193773,0,11.437253933193773,0,FALSE,FALSE,194.38366847665378,0,194.38366847665378,0,FALSE,FALSE,9.402067347825035,0,9.402067347825035,0,FALSE,FALSE,1.75,0,1.75,0,FALSE,FALSE,1.75,0,1.75,0,FALSE,FALSE,fentanyl_reddit
2021-04,2021-04-01,10717,5,75,3,3,0,4.6654847438648876e-4,3.8,2.3874672772626644,3.8,2.3874672772626644,0.006998227115797331,67.4,37.44729629759671,67.4,37.44729629759671,2.7992908463189323e-4,2.8,1.9235384061671346,2.8,1.9235384061671346,2.7992908463189323e-4,0.8,1.3038404810405297,0.8,1.3038404810405297,0,0.2,0.44721359549995793,0.2,0.44721359549995793,10.962401831787993,0,10.962401831787993,0,FALSE,FALSE,179.74188889279014,0,179.74188889279014,0,FALSE,FALSE,8.570615218501404,0,8.570615218501404,0,FALSE,FALSE,4.7115214431215895,0,4.7115214431215895,0,FALSE,FALSE,1.5416407864998738,0,1.5416407864998738,0,FALSE,FALSE,fentanyl_reddit
2021-05,2021-05-01,10419,3,82,1,1,0,2.8793550244745177e-4,3.6666666666666665,2.160246899469287,3.6666666666666665,2.160246899469287,0.007870237066897014,69.83333333333333,34.02009210256002,69.83333333333333,34.02009210256002,9.597850081581725e-5,2.5,1.8708286933869707,2.5,1.8708286933869707,9.597850081581725e-5,0.8333333333333334,1.1690451944500122,0.8333333333333334,1.1690451944500122,0,0.16666666666666666,0.408248290463863,0.16666666666666666,0.408248290463863,10.147407365074526,0,10.147407365074526,0,FALSE,FALSE,171.89360964101337,0,171.89360964101337,0,FALSE,FALSE,8.112486080160913,0,8.112486080160913,0,FALSE,FALSE,4.34046891668337,0,4.34046891668337,0,FALSE,FALSE,1.3914115380582557,0,1.3914115380582557,0,FALSE,FALSE,fentanyl_reddit
2021-06,2021-06-01,12840,7,152,4,3,0,5.451713395638629e-4,4.142857142857143,2.340126166724879,4.142857142857143,2.340126166724879,0.011838006230529595,81.57142857142857,43.91984040217338,81.57142857142857,43.91984040217338,3.1152647975077883e-4,2.7142857142857144,1.7994708216848747,2.7142857142857144,1.7994708216848747,2.3364485981308412e-4,1.1428571428571428,1.3451854182690985,1.1428571428571428,1.3451854182690985,0,0.14285714285714285,0.3779644730092272,0.14285714285714285,0.3779644730092272,11.16323564303178,0,11.16323564303178,0,FALSE,FALSE,213.33094977794872,0,213.33094977794872,0,FALSE,FALSE,8.112698179340338,0,8.112698179340338,0,FALSE,FALSE,5.178413397664439,0,5.178413397664439,0,FALSE,FALSE,1.2767505618848243,0,1.2767505618848243,0,FALSE,FALSE,fentanyl_reddit
2021-07,2021-07-01,12332,4,98,0,3,0,3.243593902043464e-4,4.125,2.1671244937540095,4.125,2.1671244937540095,0.007946805060006487,83.625,41.07462720463815,83.625,41.07462720463815,0,2.375,1.9226098333849673,2.375,1.9226098333849673,2.4326954265325982e-4,1.375,1.407885953173359,1.375,1.407885953173359,0,0.125,0.3535533905932738,0.125,0.3535533905932738,10.626373481262029,0,10.626373481262029,0,FALSE,FALSE,206.84888161391444,0,206.84888161391444,0,FALSE,FALSE,8.142829500154901,0,8.142829500154901,0,FALSE,FALSE,5.598657859520077,0,5.598657859520077,0,FALSE,FALSE,1.1856601717798214,0,1.1856601717798214,0,FALSE,FALSE,fentanyl_reddit
2021-08,2021-08-01,14576,16,123,8,7,0,0.0010976948408342481,5.444444444444445,4.447221354708778,5.444444444444445,4.447221354708778,0.008438529088913281,88,40.601724101323576,88,40.601724101323576,5.488474204171241e-4,3,2.598076211353316,3,2.598076211353316,4.8024149286498354e-4,2,2.29128784747792,2,2.29128784747792,0,0.1111111111111111,0.3333333333333333,0.1111111111111111,0.3333333333333333,18.786108508570777,0,18.786108508570777,0,FALSE,FALSE,209.80517230397072,0,209.80517230397072,0,FALSE,FALSE,10.794228634059948,0,10.794228634059948,0,FALSE,FALSE,8.87386354243376,0,8.87386354243376,0,FALSE,FALSE,1.1111111111111112,0,1.1111111111111112,0,FALSE,FALSE,fentanyl_reddit
2021-09,2021-09-01,15576,10,110,3,5,1,6.420133538777606e-4,5.9,4.433458644845529,5.9,4.433458644845529,0.007062146892655367,90.2,38.90672606803781,90.2,38.90672606803781,1.926040061633282e-4,3,2.449489742783178,3,2.449489742783178,3.210066769388803e-4,2.3,2.359378449224852,2.3,2.359378449224852,6.420133538777607e-5,0.2,0.4216370213557839,0.2,0.4216370213557839,19.200375934536588,0,19.200375934536588,0,FALSE,FALSE,206.92017820411343,0,206.92017820411343,0,FALSE,FALSE,10.348469228349533,0,10.348469228349533,0,FALSE,FALSE,9.378135347674554,0,9.378135347674554,0,FALSE,FALSE,1.4649110640673517,0,1.4649110640673517,0,FALSE,FALSE,fentanyl_reddit
2021-10,2021-10-01,14399,8,171,3,3,1,5.55594138481839e-4,6.090909090909091,4.253340932832576,6.090909090909091,4.253340932832576,0.01187582471004931,97.54545454545455,44.225249883666315,97.54545454545455,44.225249883666315,2.0834780193068963e-4,3,2.32379000772445,3,2.32379000772445,2.0834780193068963e-4,2.3636363636363638,2.2482316283126735,2.3636363636363638,2.2482316283126735,6.944926731022988e-5,0.2727272727272727,0.46709936649691375,0.2727272727272727,0.46709936649691375,18.85093188940682,0,18.85093188940682,0,FALSE,FALSE,230.22120419645347,0,230.22120419645347,0,FALSE,FALSE,9.97137002317335,0,9.97137002317335,0,FALSE,FALSE,9.108331248574384,0,9.108331248574384,0,FALSE,FALSE,1.6740253722180138,0,1.6740253722180138,0,FALSE,FALSE,fentanyl_reddit
2021-11,2021-11-01,13361,14,109,3,9,2,0.0010478257615447945,6.75,4.6539328432080875,6.75,4.6539328432080875,0.008158072000598758,98.5,42.2965719651132,98.5,42.2965719651132,2.2453409175959884e-4,3,2.215646837627989,3,2.215646837627989,6.736022752787965e-4,2.9166666666666665,2.874917653629668,2.9166666666666665,2.874917653629668,1.4968939450639922e-4,0.4166666666666667,0.6685579234215214,0.4166666666666667,0.6685579234215214,20.71179852962426,0,20.71179852962426,0,FALSE,FALSE,225.3897158953396,0,225.3897158953396,0,FALSE,FALSE,9.646940512883967,0,9.646940512883967,0,FALSE,FALSE,11.54141962755567,0,11.54141962755567,0,FALSE,FALSE,2.422340436931231,0,2.422340436931231,0,FALSE,FALSE,fentanyl_reddit
2021-12,2021-12-01,12194,8,98,5,2,0,6.560603575528948e-4,6.846153846153846,4.469268281761454,6.846153846153846,4.469268281761454,0.008036739380022962,98.46153846153847,40.49612200490187,98.46153846153847,40.49612200490187,4.100377234705593e-4,3.1538461538461537,2.192645048267573,3.1538461538461537,2.192645048267573,1.640150893882237e-4,2.8461538461538463,2.7642405179408036,2.8461538461538463,2.7642405179408036,0,0.38461538461538464,0.6504436355879909,0.38461538461538464,0.6504436355879909,20.253958691438207,0,20.253958691438207,0,FALSE,FALSE,219.94990447624406,0,219.94990447624406,0,FALSE,FALSE,9.731781298648873,0,9.731781298648873,0,FALSE,FALSE,11.138875399976257,0,11.138875399976257,0,FALSE,FALSE,2.3359462913793574,0,2.3359462913793574,0,FALSE,FALSE,fentanyl_reddit
2022-01,2022-01-01,11775,7,135,3,4,0,5.9447983014862e-4,6.857142857142857,4.2941309294850845,6.857142857142857,4.2941309294850845,0.011464968152866241,101.07142857142857,40.11419139965745,101.07142857142857,40.11419139965745,2.5477707006369424e-4,3.142857142857143,2.10702644491246,3.142857142857143,2.10702644491246,3.397027600849257e-4,2.9285714285714284,2.6736401493753137,2.9285714285714284,2.6736401493753137,0,0.35714285714285715,0.6333236937766509,0.35714285714285715,0.6333236937766509,19.73953564559811,0,19.73953564559811,0,FALSE,FALSE,221.41400277040094,0,221.41400277040094,0,FALSE,FALSE,9.4639364775945225,0,9.4639364775945225,0,FALSE,FALSE,10.94949187669737,0,10.94949187669737,0,FALSE,FALSE,2.2571139384728096,0,2.2571139384728096,0,FALSE,FALSE,fentanyl_reddit
2022-02,2022-02-01,11636,9,83,1,6,0,7.734616706772087e-4,7,4.174754056057845,7,4.174754056057845,0.0071330354073564795,99.86666666666666,38.935600064477654,99.86666666666666,38.935600064477654,8.594018563080097e-5,3,2.104417123236605,3,2.104417123236605,5.156411137848057e-4,3.1333333333333333,2.695675549220764,3.1333333333333333,2.695675549220764,0,0.3333333333333333,0.6172133998483676,0.3333333333333333,0.6172133998483676,19.524262168173536,0,19.524262168173536,0,FALSE,FALSE,216.6734668600996,0,216.6734668600996,0,FALSE,FALSE,9.313251369709816,0,9.313251369709816,0,FALSE,FALSE,11.220359980995624,0,11.220359980995624,0,FALSE,FALSE,2.1849735328784363,0,2.1849735328784363,0,FALSE,FALSE,fentanyl_reddit
2022-03,2022-03-01,11990,3,89,1,1,0,2.50208507089241e-4,6.75,4.155317877932646,6.75,4.155317877932646,0.007422852376980817,99.1875,37.713337605326494,99.1875,37.713337605326494,8.340283569641368e-5,2.875,2.0936411663256274,2.875,2.0936411663256274,8.340283569641368e-5,3,2.6583202716502514,3,2.6583202716502514,0,0.3125,0.6020797289396148,0.3125,0.6020797289396148,19.215953633797938,0,19.215953633797938,0,FALSE,FALSE,212.32751281597947,0,212.32751281597947,0,FALSE,FALSE,9.155923498976883,0,9.155923498976883,0,FALSE,FALSE,10.974960814950755,0,10.974960814950755,0,FALSE,FALSE,2.1187391868188445,0,2.1187391868188445,0,FALSE,FALSE,fentanyl_reddit
2022-04,2022-04-01,12391,5,117,3,1,0,4.03518682915019e-4,6.647058823529412,4.045694879600231,6.647058823529412,4.045694879600231,0.009442337180211443,100.23529411764706,36.770452492056556,100.23529411764706,36.770452492056556,2.4211120974901139e-4,2.8823529411764706,2.027386030741817,2.8823529411764706,2.027386030741817,8.07037365830038e-5,2.8823529411764706,2.6192163174596823,2.8823529411764706,2.6192163174596823,0,0.29411764705882354,0.5878675320972554,0.29411764705882354,0.5878675320972554,18.784143462330107,0,18.784143462330107,0,FALSE,FALSE,210.5466515938167,0,210.5466515938167,0,FALSE,FALSE,8.964511033401921,0,8.964511033401921,0,FALSE,FALSE,10.740001893555517,0,10.740001893555517,0,FALSE,FALSE,2.0577202433505897,0,2.0577202433505897,0,FALSE,FALSE,fentanyl_reddit
2022-05,2022-05-01,13092,1,114,0,1,0,7.638252367858234e-5,6.333333333333333,4.144450577366714,6.333333333333333,4.144450577366714,0.008707607699358386,101,35.81981048985899,101,35.81981048985899,0,2.7222222222222223,2.0808809094893257,2.7222222222222223,2.0808809094893257,7.638252367858234e-5,2.7777777777777777,2.579456293725837,2.7777777777777777,2.579456293725837,0,0.2777777777777778,0.5745131499601416,0.2777777777777778,0.5745131499601416,18.766685065433474,0,18.766685065433474,0,FALSE,FALSE,208.45943146957697,0,208.45943146957697,0,FALSE,FALSE,8.964864950690199,0,8.964864950690199,0,FALSE,FALSE,10.51614665895529,0,10.51614665895529,0,FALSE,FALSE,2.0013172276582023,0,2.0013172276582023,0,FALSE,FALSE,fentanyl_reddit
2022-06,2022-06-01,10847,9,82,6,3,0,8.297225039181341e-4,6.473684210526316,4.073879137636532,6.473684210526316,4.073879137636532,0.007559693924587443,100,35.08244258568348,100,35.08244258568348,5.531483359454227e-4,2.8947368421052633,2.1575381248622048,2.8947368421052633,2.1575381248622048,2.7657416797271134e-4,2.789473684210526,2.507299285606395,2.789473684210526,2.507299285606395,0,0.2631578947368421,0.5619514869490163,0.2631578947368421,0.5619514869490163,18.695321623435913,0,18.695321623435913,0,FALSE,FALSE,205.24732775705044,0,205.24732775705044,0,FALSE,FALSE,9.367351216691878,0,9.367351216691878,0,FALSE,FALSE,10.311371541029711,0,10.311371541029711,0,FALSE,FALSE,1.949012355583891,0,1.949012355583891,0,FALSE,FALSE,fentanyl_reddit
2022-07,2022-07-01,13586,3,113,1,2,0,2.2081554541439718e-4,6.3,4.0405835951597,6.3,4.0405835951597,0.008317385543942294,100.65,34.27024948844114,100.65,34.27024948844114,7.360518180479906e-5,2.8,2.142305693455191,2.8,2.142305693455191,1.4721036360959813e-4,2.75,2.4468024246479643,2.75,2.4468024246479643,0,0.25,0.5501196042201808,0.25,0.5501196042201808,18.4217507854791,0,18.4217507854791,0,FALSE,FALSE,203.46074846532343,0,203.46074846532343,0,FALSE,FALSE,9.226917080365574,0,9.226917080365574,0,FALSE,FALSE,10.090407273943892,0,10.090407273943892,0,FALSE,FALSE,1.9003588126605424,0,1.9003588126605424,0,FALSE,FALSE,fentanyl_reddit
2022-08,2022-08-01,14377,6,99,1,3,2,4.173332405926132e-4,6.285714285714286,3.9388178066884123,6.285714285714286,3.9388178066884123,0.006885998469778117,100.57142857142857,33.404447950192846,100.57142857142857,33.404447950192846,6.955554009876887e-5,2.7142857142857144,2.1246848505803664,2.7142857142857144,2.1246848505803664,2.086666202963066e-4,2.761904761904762,2.3854719010032777,2.761904761904762,2.3854719010032777,1.3911108019753774e-4,0.3333333333333333,0.6582805886043833,0.3333333333333333,0.6582805886043833,18.10216770577952,0,18.10216770577952,0,FALSE,FALSE,200.7847724220071,0.3580847208500302,200.7847724220071,0.3580847208500302,FALSE,FALSE,9.088340266026814,0,9.088340266026814,0,FALSE,FALSE,9.918320464914594,0,9.918320464914594,0,FALSE,FALSE,2.3081750991464833,0,2.3081750991464833,0,FALSE,FALSE,fentanyl_reddit
2022-09,2022-09-01,14691,7,124,4,3,0,4.764821999863862e-4,6.318181818181818,3.846908017967326,6.318181818181818,3.846908017967326,0.00844054182833027,101.63636363636364,32.979857423448564,101.63636363636364,32.979857423448564,2.7227554284936354e-4,2.772727272727273,2.091520708589536,2.772727272727273,2.091520708589536,2.0420665713702266e-4,2.772727272727273,2.328535574578564,2.772727272727273,2.328535574578564,0,0.3181818181818182,0.6463349888014092,0.3181818181818182,0.6463349888014092,17.858905872083795,0,17.858905872083795,0,FALSE,FALSE,200.57593590670933,2.6967913660179477,200.57593590670933,2.6967913660179477,FALSE,FALSE,9.04728939849588,0,9.04728939849588,0,FALSE,FALSE,9.758333996462964,0,9.758333996462964,0,FALSE,FALSE,2.257186784586046,0,2.257186784586046,0,FALSE,FALSE,fentanyl_reddit
2022-10,2022-10-01,15661,14,140,3,8,2,8.939403614073176e-4,6.6521739130434785,4.085547650529006,6.6521739130434785,4.085547650529006,0.008939403614073176,103.30434782608695,33.19971903305083,103.30434782608695,33.19971903305083,1.915586488729966e-4,2.782608695652174,2.043982781886438,2.782608695652174,2.043982781886438,5.108230636613244e-4,3,2.522624895547565,3,2.522624895547565,1.277057659153311e-4,0.391304347826087,0.7223151185146152,0.391304347826087,0.7223151185146152,18.908816864630495,0,18.908816864630495,0,FALSE,FALSE,202.90350492523947,3.705190726934447,202.90350492523947,3.705190726934447,FALSE,FALSE,8.914557041311488,0,8.914557041311488,0,FALSE,FALSE,10.567874686642694,0,10.567874686642694,0,FALSE,FALSE,2.5582497033699325,0,2.5582497033699325,0,FALSE,FALSE,fentanyl_reddit
2022-11,2022-11-01,15121,4,128,0,2,0,2.645327689967595e-4,6.541666666666667,4.032252220659627,6.541666666666667,4.032252220659627,0.008465048607896304,104.33333333333333,32.858943149887466,104.33333333333333,32.858943149887466,0,2.6666666666666665,2.0781820371926383,2.6666666666666665,2.0781820371926383,1.3226638449837975e-4,2.9583333333333335,2.4756056205312262,2.9583333333333335,2.4756056205312262,0,0.375,0.7109393663377318,0.375,0.7109393663377318,18.638423328645548,0,18.638423328645548,0,FALSE,FALSE,202.9101627829957,5.756503883670931,202.9101627829957,5.756503883670931,FALSE,FALSE,8.901212778244581,0,8.901212778244581,0,FALSE,FALSE,10.385150194927013,0,10.385150194927013,0,FALSE,FALSE,2.5078180990131953,0,2.5078180990131953,0,FALSE,FALSE,fentanyl_reddit
2022-12,2022-12-01,19084,21,155,16,6,0,0.001100398239362817,7.12,4.893192550200056,7.12,4.893192550200056,0.008121987004820792,106.36,33.72546021430496,106.36,33.72546021430496,8.383986585621463e-4,3.2,3.3541019662496847,3.2,3.3541019662496847,3.1439949696080485e-4,3.08,2.498666310921355,3.08,2.498666310921355,0,0.36,0.7,0.36,0.7,21.79957765060017,0,21.79957765060017,0,FALSE,FALSE,207.53638064291488,5.183619357085121,207.53638064291488,5.183619357085121,FALSE,FALSE,13.262305898749055,0,13.262305898749055,0,TRUE,TRUE,10.575998932764065,0,10.575998932764065,0,FALSE,FALSE,2.4599999999999995,0,2.4599999999999995,0,FALSE,FALSE,fentanyl_reddit
2023-01,2023-01-01,22900,16,172,3,12,0,6.986899563318777e-4,7.461538461538462,5.100829495137192,7.461538461538462,5.100829495137192,0.007510917030567685,108.88461538461539,35.46302516489751,108.88461538461539,35.46302516489751,1.3100436681222707e-4,3.1923076923076925,3.2865694061648023,3.1923076923076925,3.2865694061648023,5.240174672489083e-4,3.423076923076923,3.0089609757931646,3.423076923076923,3.0089609757931646,0,0.34615384615384615,0.6894814104706634,0.34615384615384615,0.6894814104706634,22.76402694695004,0,22.76402694695004,0,FALSE,FALSE,215.2736908793079,2.495539889922867,215.2736908793079,2.495539889922867,FALSE,FALSE,13.052015910802101,0,13.052015910802101,0,FALSE,FALSE,12.449959850456416,0,12.449959850456416,0,FALSE,FALSE,2.414598077565836,0,2.414598077565836,0,FALSE,FALSE,fentanyl_reddit
2023-02,2023-02-01,15398,12,111,6,6,0,7.793219898688141e-4,7.62962962962963,5.077462632125103,7.62962962962963,5.077462632125103,0.007208728406286531,108.96296296296296,34.77674010630744,108.96296296296296,34.77674010630744,3.8966099493440706e-4,3.2962962962962963,3.267730508787816,3.2962962962962963,3.267730508787816,3.8966099493440706e-4,3.5185185185185186,2.9919169359403934,3.5185185185185186,2.9919169359403934,0,0.3333333333333333,0.6793662204867574,0.3333333333333333,0.6793662204867574,22.86201752600494,0,22.86201752600494,0,FALSE,FALSE,213.2931832818853,4.632742644040633,213.2931832818853,4.632742644040633,FALSE,FALSE,13.099487822659745,0,13.099487822659745,0,FALSE,FALSE,12.4942693263397,0,12.4942693263397,0,FALSE,FALSE,2.3714319947936056,0,2.3714319947936056,0,FALSE,FALSE,fentanyl_reddit
2023-03,2023-03-01,14869,12,149,4,5,1,8.070482211312126e-4,7.785714285714286,5.050538239429191,7.785714285714286,5.050538239429191,0.010020848745712557,110.39285714285714,34.955357016156825,110.39285714285714,34.955357016156825,2.690160737104042e-4,3.3214285714285716,3.2094025223185314,3.3214285714285716,3.2094025223185314,3.3627009213800524e-4,3.5714285714285716,2.949307155657528,3.5714285714285716,2.949307155657528,6.725401842760106e-5,0.35714285714285715,0.6784669927988098,0.35714285714285715,0.6784669927988098,22.937329004001857,0,22.937329004001857,0,FALSE,FALSE,215.2589281913276,5.526786094386665,215.2589281913276,5.526786094386665,FALSE,FALSE,12.949636138384166,0,12.949636138384166,0,FALSE,FALSE,12.419350038401154,0,12.419350038401154,0,FALSE,FALSE,2.392543835539287,0,2.392543835539287,0,FALSE,FALSE,fentanyl_reddit
2023-04,2023-04-01,14832,56,122,43,8,3,0.0037756202804746495,9.448275862068966,10.235045560986428,9.448275862068966,10.235045560986428,0.008225458468176915,110.79310344827586,34.393084136977336,110.79310344827586,34.393084136977336,0.0028991370010787486,4.689655172413793,8.0138427035254,4.689655172413793,8.0138427035254,5.393743257820927e-4,3.7241379310344827,3.0106543157371943,3.7241379310344827,3.0106543157371943,2.022653721682848e-4,0.4482758620689655,0.8274835732746656,0.4482758620689655,0.8274835732746656,40.15341254502825,0,40.15341254502825,0,TRUE,TRUE,213.97235585920788,7.613851037343849,213.97235585920788,7.613851037343849,FALSE,FALSE,28.731183282989996,0,28.731183282989996,0,TRUE,TRUE,12.756100878246064,0,12.756100878246064,0,FALSE,FALSE,2.930726581892962,0,2.930726581892962,0,TRUE,TRUE,fentanyl_reddit
2023-05,2023-05-01,15716,11,211,4,5,0,6.999236446933062e-4,9.5,10.061020720137419,9.5,10.061020720137419,0.01342580809366251,114.13333333333334,38.42927523909733,114.13333333333334,38.42927523909733,2.5451768897938407e-4,4.666666666666667,7.875467510297223,4.666666666666667,7.875467510297223,3.181471112242301e-4,3.7666666666666666,2.9674479146965296,3.7666666666666666,2.9674479146965296,0,0.43333333333333335,0.8172001541568767,0.43333333333333335,0.8172001541568767,39.683062160412256,0,39.683062160412256,0,FALSE,FALSE,229.4211590506253,0,229.4211590506253,0,FALSE,FALSE,28.293069197558335,0,28.293069197558335,0,FALSE,FALSE,12.669010410756254,0,12.669010410756254,0,FALSE,FALSE,2.8849337958039634,0,2.8849337958039634,0,FALSE,FALSE,fentanyl_reddit
2023-06,2023-06-01,16362,21,164,5,14,0,0.0012834616795012834,9.870967741935484,10.105252546683733,9.870967741935484,10.105252546683733,0.01002322454467669,115.74193548387096,38.830372770067065,115.74193548387096,38.830372770067065,3.0558611416697226e-4,4.67741935483871,7.743328727682058,4.67741935483871,7.743328727682058,8.556411196675223e-4,4.096774193548387,3.448234704982415,4.096774193548387,3.448234704982415,0,0.41935483870967744,0.8072254351950305,0.41935483870967744,0.8072254351950305,40.18672538198668,0,40.18672538198668,0,FALSE,FALSE,232.23305379407213,0,232.23305379407213,0,FALSE,FALSE,27.907405537884884,0,27.907405537884884,0,FALSE,FALSE,14.441478308495633,0,14.441478308495633,0,FALSE,FALSE,2.841031144294769,0,2.841031144294769,0,FALSE,FALSE,fentanyl_reddit
2023-07,2023-07-01,16057,33,140,15,16,2,0.0020551784268543313,10.59375,10.748921551305928,10.59375,10.748921551305928,0.008718938780594133,116.5,38.4388915955803,116.5,38.4388915955803,9.341720122065143e-4,5,7.8329329570523845,5,7.8329329570523845,9.964501463536153e-4,4.46875,3.99180107300597,4.46875,3.99180107300597,1.245562682942019e-4,0.46875,0.8418250143816763,0.46875,0.8418250143816763,42.840514653917786,0,42.840514653917786,0,FALSE,FALSE,231.81667478674092,1.1833252132590957,231.81667478674092,1.1833252132590957,FALSE,FALSE,28.498798871157152,0,28.498798871157152,0,FALSE,FALSE,16.44415321901791,0,16.44415321901791,0,FALSE,FALSE,2.994225043145029,0,2.994225043145029,0,FALSE,FALSE,fentanyl_reddit
2023-08,2023-08-01,15220,13,141,2,10,1,8.541392904073587e-4,10.666666666666666,10.587925512897542,10.59375,10.748921551305928,0.009264126149802892,117.24242424242425,38.073145311878214,116.5,38.4388915955803,1.3140604467805518e-4,4.909090909090909,7.727239304740554,5,7.8329329570523845,6.57030223390276e-4,4.636363636363637,4.0451991747794525,4.46875,3.99180107300597,6.570302233902759e-5,0.48484848484848486,0.8337120351630757,0.46875,0.8418250143816763,42.43044320535929,0,42.840514653917786,0,FALSE,FALSE,231.46186017805888,3.022988306789614,231.81667478674092,1.1833252132590957,FALSE,FALSE,28.09080882331257,0,28.498798871157152,0,FALSE,FALSE,16.771961160701995,0,16.44415321901791,0,FALSE,FALSE,2.985984590337712,0,2.994225043145029,0,FALSE,FALSE,fentanyl_reddit
2023-09,2023-09-01,15517,25,122,7,16,2,0.0016111361732293614,11.088235294117647,10.712121842436327,10.59375,10.748921551305928,0.007862344525359284,117.38235294117646,37.50071894735656,116.5,38.4388915955803,4.511181285042212e-4,4.970588235294118,7.617703838080468,5,7.8329329570523845,0.0010311271508667912,4.970588235294118,4.4346110766412785,4.46875,3.99180107300597,1.288908938583489e-4,0.5294117647058824,0.8611230904040923,0.46875,0.8418250143816763,43.22460082142663,0,42.840514653917786,0,FALSE,FALSE,229.88450978324613,4.880196099106783,231.81667478674092,1.1833252132590957,FALSE,FALSE,27.82369974953552,0,28.498798871157152,0,FALSE,FALSE,18.274421465217955,0,16.44415321901791,0,FALSE,FALSE,3.112781035918159,0,2.994225043145029,0,FALSE,FALSE,fentanyl_reddit
2023-10,2023-10-01,14873,25,114,15,6,0,0.0016808982720365763,11.485714285714286,10.812224640686683,10.59375,10.748921551305928,0.007664896120486788,117.28571428571429,36.94954543107432,116.5,38.4388915955803,0.0010085389632219458,5.257142857142857,7.6939351865909416,5,7.8329329570523845,4.0341558528877834e-4,5,4.372373160976031,4.46875,3.99180107300597,0,0.5142857142857142,0.8530715634909973,0.46875,0.8418250143816763,43.92238820777434,0,42.840514653917786,0,FALSE,FALSE,228.13435057893724,6.437077992491325,231.81667478674092,1.1833252132590957,FALSE,FALSE,28.33894841691568,0,28.498798871157152,0,FALSE,FALSE,18.117119482928093,0,16.44415321901791,0,FALSE,FALSE,3.0735004047587062,0,2.994225043145029,0,FALSE,FALSE,fentanyl_reddit
2023-11,2023-11-01,14790,203,264,139,66,0,0.013725490196078431,16.805555555555557,33.65099823986924,10.59375,10.748921551305928,0.017849898580121704,121.36111111111111,43.865477983605274,116.5,38.4388915955803,0.009398242055442867,8.972222222222221,23.545076659901426,5,7.8329329570523845,0.004462474645030426,6.694444444444445,11.04230680983551,4.46875,3.99180107300597,0,0.5,0.8451542547285166,0.46875,0.8418250143816763,117.75855027516327,0,42.840514653917786,0,TRUE,TRUE,252.95754506192694,0,231.81667478674092,1.1833252132590957,TRUE,TRUE,79.60745220192649,0,28.498798871157152,0,TRUE,TRUE,39.82136487395098,0,16.44415321901791,0,TRUE,TRUE,3.03546276418555,0,2.994225043145029,0,FALSE,FALSE,fentanyl_reddit
2023-12,2023-12-01,15638,469,225,409,62,0,0.02999104744852283,29.027027027027028,81.40894248125274,10.59375,10.748921551305928,0.014388029159739097,124.16216216216216,46.486864042743605,116.5,38.4388915955803,0.026154239672592405,19.783783783783782,69.74164033342201,5,7.8329329570523845,0.00396470136846144,8.18918918918919,14.18496433598665,4.46875,3.99180107300597,0,0.4864864864864865,0.837377573858532,0.46875,0.8418250143816763,273.25385447078526,0,42.840514653917786,0,TRUE,TRUE,263.622754290393,0,231.81667478674092,1.1833252132590957,FALSE,FALSE,229.0087047840498,0,28.498798871157152,0,TRUE,TRUE,50.74408219714914,0,16.44415321901791,0,TRUE,TRUE,2.9986192080620824,0,2.994225043145029,0,FALSE,FALSE,fentanyl_reddit
2024-01,2024-01-01,16784,230,172,207,22,1,0.013703527168732126,34.31578947368421,86.6671499421183,10.59375,10.748921551305928,0.010247855100095328,125.42105263157895,46.50639687412229,116.5,38.4388915955803,0.012333174451858914,24.710526315789473,75.19844301678019,5,7.8329329570523845,0.0013107721639656815,8.552631578947368,14.170195917738186,4.46875,3.99180107300597,5.958055290753098e-5,0.5,0.8301741920760902,0.46875,0.8418250143816763,294.31723930003915,0,42.840514653917786,0,FALSE,TRUE,264.9402432539458,0,231.81667478674092,1.1833252132590957,FALSE,FALSE,250.30585536613006,0,28.498798871157152,0,FALSE,TRUE,51.06321933216193,0,16.44415321901791,0,FALSE,TRUE,2.990522576228271,0,2.994225043145029,0,FALSE,FALSE,fentanyl_reddit
2024-02,2024-02-01,13649,35,140,22,10,0,0.0025642904242069017,34.333333333333336,85.51926016780736,10.59375,10.748921551305928,0.010257161696827607,125.7948717948718,45.94973196598963,116.5,38.4388915955803,0.0016118396952157668,24.641025641025642,74.20366254951627,5,7.8329329570523845,7.326544069162576e-4,8.58974358974359,13.9844235692467,4.46875,3.99180107300597,0,0.48717948717948717,0.823081337407916,0.46875,0.8418250143816763,290.8911138367554,0,42.840514653917786,0,FALSE,FALSE,263.6440676928407,0,231.81667478674092,1.1833252132590957,FALSE,FALSE,247.25201328957445,0,28.498798871157152,0,FALSE,FALSE,50.54301429748369,0,16.44415321901791,0,FALSE,FALSE,2.9564234994032352,0,2.994225043145029,0,FALSE,FALSE,fentanyl_reddit
2024-03,2024-03-01,14062,18,233,7,11,1,0.0012800455127293415,33.925,84.45523393171993,10.59375,10.748921551305928,0.016569478025885365,128.475,48.42069249337995,116.5,38.4388915955803,4.977954771725216e-4,24.2,73.29924615696595,5,7.8329329570523845,7.822500355568198e-4,8.65,13.809231397687267,4.46875,3.99180107300597,7.111363959607453e-5,0.5,0.816496580927726,0.46875,0.8418250143816763,287.2907017951598,0,42.840514653917786,0,FALSE,FALSE,273.7370774801399,0,231.81667478674092,1.1833252132590957,FALSE,TRUE,244.09773847089784,0,28.498798871157152,0,FALSE,FALSE,50.077694193061795,0,16.44415321901791,0,FALSE,FALSE,2.949489742783178,0,2.994225043145029,0,FALSE,FALSE,fentanyl_reddit
2024-04,2024-04-01,13486,15,154,8,8,0,0.0011122645706658756,33.46341463414634,83.4452208220985,10.59375,10.748921551305928,0.011419249592169658,129.09756097560975,47.977497265931234,116.5,38.4388915955803,5.932077710218003e-4,23.804878048780488,72.42141241103874,5,7.8329329570523845,5.932077710218003e-4,8.634146341463415,13.635901322540024,4.46875,3.99180107300597,0,0.4878048780487805,0.8099984944279895,0.46875,0.8418250143816763,283.7990771004418,0,42.840514653917786,0,FALSE,FALSE,273.03005277340344,0,231.81667478674092,1.1833252132590957,FALSE,FALSE,241.06911528189673,0,28.498798871157152,0,FALSE,FALSE,49.541850309083486,0,16.44415321901791,0,FALSE,FALSE,2.9178003613327492,0,2.994225043145029,0,FALSE,FALSE,fentanyl_reddit
2024-05,2024-05-01,12976,166,242,45,122,0,0.012792848335388409,36.61904761904762,84.92060923145559,10.59375,10.748921551305928,0.018649815043156596,131.78571428571428,50.489571835295834,116.5,38.4388915955803,0.003467940813810111,24.30952380952381,71.60749657418118,5,7.8329329570523845,0.0094019728729963,11.333333333333334,22.077100669783153,4.46875,3.99180107300597,0,0.47619047619047616,0.8035923987456072,0.46875,0.8418250143816763,291.3808753134144,0,42.840514653917786,0,FALSE,TRUE,283.25442979160175,0,231.81667478674092,1.1833252132590957,FALSE,TRUE,239.13201353206733,0,28.498798871157152,0,FALSE,TRUE,77.56463534268279,0,16.44415321901791,0,TRUE,TRUE,2.8869676724272977,0,2.994225043145029,0,FALSE,FALSE,fentanyl_reddit
2024-06,2024-06-01,11481,35,182,26,7,0,0.0030485149377231947,36.58139534883721,83.90392253675786,10.59375,10.748921551305928,0.01585227767616061,132.95348837209303,50.46920489073939,116.5,38.4388915955803,0.0022646110965943733,24.348837209302324,70.75036049745957,5,7.8329329570523845,6.09702987544639e-4,11.232558139534884,21.82270247471909,4.46875,3.99180107300597,0,0.46511627906976744,0.7972822052000673,0.46875,0.8418250143816763,288.29316295911076,0,42.840514653917786,0,FALSE,FALSE,284.3611030443112,0,231.81667478674092,1.1833252132590957,FALSE,FALSE,236.59991870168105,0,28.498798871157152,0,FALSE,FALSE,76.70066556369216,0,16.44415321901791,0,FALSE,FALSE,2.8569628946699694,0,2.994225043145029,0,FALSE,FALSE,fentanyl_reddit
2024-07,2024-07-01,10754,47,177,43,4,0,0.004370466803050028,36.81818181818182,82.93743024806243,10.59375,10.748921551305928,0.016458992002975636,133.95454545454547,50.31896149400438,116.5,38.4388915955803,0.003998512181513855,24.772727272727273,69.97935364502199,5,7.8329329570523845,3.719546215361726e-4,11.068181818181818,21.595001281274943,4.46875,3.99180107300597,0,0.45454545454545453,0.7910706743643854,0.46875,0.8418250143816763,285.6304725623691,0,42.840514653917786,0,FALSE,TRUE,284.9114299365586,0,231.81667478674092,1.1833252132590957,FALSE,FALSE,234.71078820779323,0,28.498798871157152,0,FALSE,TRUE,75.85318566200664,0,16.44415321901791,0,FALSE,FALSE,2.827757477638611,0,2.994225043145029,0,FALSE,FALSE,fentanyl_reddit
2024-08,2024-08-01,14473,244,194,229,18,0,0.016858978788088164,41.422222222222224,87.61368948890684,10.59375,10.748921551305928,0.013404270020037311,135.2888888888889,50.542791151397026,116.5,38.4388915955803,0.01582256615767291,29.31111111111111,75.58223162472605,5,7.8329329570523845,0.0012436951564983071,11.222222222222221,21.373187205307758,4.46875,3.99180107300597,0,0.4444444444444444,0.7849596270902193,0.46875,0.8418250143816763,304.26329068894273,0,42.840514653917786,0,FALSE,TRUE,286.91726234308,0,231.81667478674092,1.1833252132590957,FALSE,FALSE,256.0578059852893,0,28.498798871157152,0,FALSE,TRUE,75.34178383814549,0,16.44415321901791,0,FALSE,TRUE,2.7993233257151022,0,2.994225043145029,0,FALSE,FALSE,fentanyl_reddit
2024-09,2024-09-01,14119,237,304,222,13,3,0.01678589135207876,45.67391304347826,91.30779554107113,10.59375,10.748921551305928,0.021531269919966005,138.95652173913044,55.8263006602679,116.5,38.4388915955803,0.01572349316523833,33.5,79.955473719926,5,7.8329329570523845,9.207450952617041e-4,11.26086956521739,21.135998551821693,4.46875,3.99180107300597,2.1247963736808557e-4,0.5,0.8628119403696524,0.46875,0.8418250143816763,319.59729966669164,0,42.840514653917786,0,FALSE,TRUE,306.43542371993414,0,231.81667478674092,1.1833252132590957,FALSE,TRUE,273.36642115977804,0,28.498798871157152,0,FALSE,TRUE,74.66886522068248,0,16.44415321901791,0,FALSE,FALSE,3.0884358211089573,0,2.994225043145029,0,FALSE,TRUE,fentanyl_reddit
2024-10,2024-10-01,13364,191,242,170,21,1,0.014292128105357677,48.765957446808514,92.76436083970044,10.59375,10.748921551305928,0.018108350793175697,141.14893617021278,57.22532835524321,116.5,38.4388915955803,0.012720742292726728,36.40425531914894,81.54957403308048,5,7.8329329570523845,0.0015713858126309489,11.46808510638298,20.953209844203062,4.46875,3.99180107300597,7.4827895839569e-5,0.5106382978723404,0.8564928595740817,0.46875,0.8418250143816763,327.05903996590985,0,42.840514653917786,0,FALSE,TRUE,312.8249212359424,0,231.81667478674092,1.1833252132590957,FALSE,TRUE,281.05297741839036,0,28.498798871157152,0,FALSE,TRUE,74.32771463899218,0,16.44415321901791,0,FALSE,TRUE,3.0801168765945857,0,2.994225043145029,0,FALSE,FALSE,fentanyl_reddit
2024-11,2024-11-01,11169,54,151,47,7,0,0.004834810636583401,48.875,91.77530957075825,10.59375,10.748921551305928,0.013519563076372101,141.35416666666666,56.6311280403328,116.5,38.4388915955803,0.0042080759244337,36.625,80.69185542491196,5,7.8329329570523845,6.267347121497001e-4,11.375,20.73913455589841,4.46875,3.99180107300597,0,0.5,0.8505317485662419,0.46875,0.8418250143816763,324.20092871227473,0,42.840514653917786,0,FALSE,TRUE,311.2475507876651,0,231.81667478674092,1.1833252132590957,FALSE,FALSE,278.7005662747359,0,28.498798871157152,0,FALSE,TRUE,73.59240366769524,0,16.44415321901791,0,FALSE,FALSE,3.0515952456987256,0,2.994225043145029,0,FALSE,FALSE,fentanyl_reddit
2024-12,2024-12-01,9413,24,128,21,2,0,0.0025496653564219696,48.36734693877551,90.88378427914387,10.59375,10.748921551305928,0.013598215234250505,141.08163265306123,56.070579308096846,116.5,38.4388915955803,0.002230957186869223,36.30612244897959,79.8780852512212,5,7.8329329570523845,2.1247211303516414e-4,11.183673469387756,20.565620046357864,4.46875,3.99180107300597,0,0.4897959183673469,0.844651036907941,0.46875,0.8418250143816763,321.0186997762071,0,42.840514653917786,0,FALSE,FALSE,309.29337057735177,0,231.81667478674092,1.1833252132590957,FALSE,FALSE,275.94037820264316,0,28.498798871157152,0,FALSE,FALSE,72.88053360846135,0,16.44415321901791,0,FALSE,FALSE,3.02374902909117,0,2.994225043145029,0,FALSE,FALSE,fentanyl_reddit
