year_month,month,total_posts,drought,shortage,drought_shortage_misspellings,out_of_stock,poor_quality_unavailable,weak_bunk,hard_to_get,pct_drought,pct_shortage,pct_drought_shortage_misspellings,pct_out_of_stock,pct_poor_quality_unavailable,pct_weak_bunk,pct_hard_to_get
2020-12,2020-12-01,416,1,0,1,0,0,2,2,0.24,0,0.24,0,0,0.48,0.48
2021-01,2021-01-01,9224,2,1,3,4,0,106,84,0.02,0.01,0.03,0.04,0,1.15,0.91
2021-02,2021-02-01,10436,2,0,2,2,5,52,93,0.02,0,0.02,0.02,0.05,0.5,0.89
2021-03,2021-03-01,11920,6,0,6,2,5,120,114,0.05,0,0.05,0.02,0.04,1.01,0.96
2021-04,2021-04-01,10717,3,3,5,4,3,75,132,0.03,0.03,0.05,0.04,0.03,0.7,1.23
2021-05,2021-05-01,10419,1,1,2,2,1,48,146,0.01,0.01,0.02,0.02,0.01,0.46,1.4
2021-06,2021-06-01,12840,4,3,7,4,3,100,127,0.03,0.02,0.05,0.03,0.02,0.78,0.99
2021-07,2021-07-01,12332,0,3,3,5,5,65,175,0,0.02,0.02,0.04,0.04,0.53,1.42
2021-08,2021-08-01,14576,8,7,15,6,2,103,91,0.05,0.05,0.1,0.04,0.01,0.71,0.62
2021-09,2021-09-01,15576,3,5,8,6,5,108,113,0.02,0.03,0.05,0.04,0.03,0.69,0.73
2021-10,2021-10-01,14399,3,3,6,3,2,106,104,0.02,0.02,0.04,0.02,0.01,0.74,0.72
2021-11,2021-11-01,13361,3,9,12,8,7,120,84,0.02,0.07,0.09,0.06,0.05,0.9,0.63
2021-12,2021-12-01,12194,5,2,7,7,1,76,92,0.04,0.02,0.06,0.06,0.01,0.62,0.75
2022-01,2022-01-01,11775,3,4,7,6,3,124,84,0.03,0.03,0.06,0.05,0.03,1.05,0.71
2022-02,2022-02-01,11636,1,6,7,2,2,86,98,0.01,0.05,0.06,0.02,0.02,0.74,0.84
2022-03,2022-03-01,11990,1,1,2,1,9,82,101,0.01,0.01,0.02,0.01,0.08,0.68,0.84
2022-04,2022-04-01,12391,3,1,4,4,4,121,102,0.02,0.01,0.03,0.03,0.03,0.98,0.82
2022-05,2022-05-01,13092,0,1,1,7,2,95,173,0,0.01,0.01,0.05,0.02,0.73,1.32
2022-06,2022-06-01,10847,6,3,9,31,3,86,89,0.06,0.03,0.08,0.29,0.03,0.79,0.82
2022-07,2022-07-01,13586,1,2,3,4,2,95,94,0.01,0.01,0.02,0.03,0.01,0.7,0.69
2022-08,2022-08-01,14377,1,3,4,7,7,88,84,0.01,0.02,0.03,0.05,0.05,0.61,0.58
2022-09,2022-09-01,14691,4,3,6,6,2,94,137,0.03,0.02,0.04,0.04,0.01,0.64,0.93
2022-10,2022-10-01,15661,3,8,11,7,8,83,113,0.02,0.05,0.07,0.04,0.05,0.53,0.72
2022-11,2022-11-01,15121,0,2,2,5,8,77,109,0,0.01,0.01,0.03,0.05,0.51,0.72
2022-12,2022-12-01,19084,16,6,21,20,8,157,137,0.08,0.03,0.11,0.1,0.04,0.82,0.72
2023-01,2023-01-01,22900,3,12,15,6,4,154,189,0.01,0.05,0.07,0.03,0.02,0.67,0.83
2023-02,2023-02-01,15398,6,6,12,5,5,145,109,0.04,0.04,0.08,0.03,0.03,0.94,0.71
2023-03,2023-03-01,14869,4,5,9,4,66,146,166,0.03,0.03,0.06,0.03,0.44,0.98,1.12
2023-04,2023-04-01,14832,43,8,51,6,2,82,94,0.29,0.05,0.34,0.04,0.01,0.55,0.63
2023-05,2023-05-01,15716,4,5,9,2,6,110,126,0.03,0.03,0.06,0.01,0.04,0.7,0.8
2023-06,2023-06-01,16362,5,14,20,1,6,133,135,0.03,0.09,0.12,0.01,0.04,0.81,0.83
2023-07,2023-07-01,16057,15,16,32,4,1,168,121,0.09,0.1,0.2,0.02,0.01,1.05,0.75
2023-08,2023-08-01,15220,2,10,12,4,4,87,128,0.01,0.07,0.08,0.03,0.03,0.57,0.84
2023-09,2023-09-01,15517,7,16,23,7,9,83,112,0.05,0.1,0.15,0.05,0.06,0.53,0.72
2023-10,2023-10-01,14873,15,6,21,5,8,124,111,0.1,0.04,0.14,0.03,0.05,0.83,0.75
2023-11,2023-11-01,14790,139,66,237,5,7,79,120,0.94,0.45,1.6,0.03,0.05,0.53,0.81
2023-12,2023-12-01,15638,409,62,469,4,4,136,96,2.62,0.4,3,0.03,0.03,0.87,0.61
2024-01,2024-01-01,16784,207,22,235,6,3,114,129,1.23,0.13,1.4,0.04,0.02,0.68,0.77
2024-02,2024-02-01,13649,22,10,32,3,5,120,157,0.16,0.07,0.23,0.02,0.04,0.88,1.15
2024-03,2024-03-01,14062,7,11,16,9,4,194,90,0.05,0.08,0.11,0.06,0.03,1.38,0.64
2024-04,2024-04-01,13486,8,8,15,1,6,121,221,0.06,0.06,0.11,0.01,0.04,0.9,1.64
2024-05,2024-05-01,12976,45,122,166,24,7,101,209,0.35,0.94,1.28,0.18,0.05,0.78,1.61
2024-06,2024-06-01,11481,26,7,33,4,0,82,56,0.23,0.06,0.29,0.03,0,0.71,0.49
2024-07,2024-07-01,10754,43,4,47,4,3,168,84,0.4,0.04,0.44,0.04,0.03,1.56,0.78
2024-08,2024-08-01,14473,229,18,242,6,6,209,137,1.58,0.12,1.67,0.04,0.04,1.44,0.95
2024-09,2024-09-01,14119,222,13,236,5,4,138,104,1.57,0.09,1.67,0.04,0.03,0.98,0.74
2024-10,2024-10-01,13364,170,21,236,6,5,212,89,1.27,0.16,1.77,0.04,0.04,1.59,0.67
2024-11,2024-11-01,11169,47,7,54,11,9,93,119,0.42,0.06,0.48,0.1,0.08,0.83,1.07
2024-12,2024-12-01,9413,21,2,23,1,6,92,112,0.22,0.02,0.24,0.01,0.06,0.98,1.19
